Workbook

Sheet Diagrama de Gantt - Estructura 
A1: ID | B1: WBS Nivel 2 / Tarea Nivel 3 | C1: Tipo | D1: Duración (Valor) | E1: Unidad (Días/Semanas/Meses) | F1: Responsable / Equipo | G1: 29/08/2026 | H1: Fecha Fin | I1: Estado | J1: Dependencia | K1: Entregables Asociados
A2: 1 | B2: INICIO Y PLANIFICACIÓN | C2: Entregable Nivel 2 | D2: 9 | E2: Días | F2: Ambos | G2: 46263 | H2: =IF(OR(C2="Hito",G2="",D2="",E2=""),"",IF(E2="Días",G2+D2-1,IF(E2="Semanas",G2+(D2*7)-1,IF(E2="Meses",EDATE(G2,D2)-1,"")))) -> 46271 | I2: Completado | J2: — | K2: Base de planificación
A3: 1.1 | B3: Definir metodología de trabajo | C3: Tarea Nivel 3 | D3: 1 | E3: Días | F3: Tú | G3: 46263 | H3: =IF(OR(C3="Hito",G3="",D3="",E3=""),"",IF(E3="Días",G3+D3-1,IF(E3="Semanas",G3+(D3*7)-1,IF(E3="Meses",EDATE(G3,D3)-1,"")))) -> 46263 | I3: Completado | J3: — | K3: Metodología acordada
A4: 1.2 | B4: Definir herramientas y repositorios | C4: Tarea Nivel 3 | D4: 1 | E4: Días | F4: Saul | G4: 46265 | H4: =IF(OR(C4="Hito",G4="",D4="",E4=""),"",IF(E4="Días",G4+D4-1,IF(E4="Semanas",G4+(D4*7)-1,IF(E4="Meses",EDATE(G4,D4)-1,"")))) -> 46265 | I4: Completado | J4: CC 1.1 | K4: Herramientas configuradas
A5: 1.3 | B5: Elaborar mapa de interesados | C5: Tarea Nivel 3 | D5: 1 | E5: Días | F5: Tú | G5: 46265 | H5: =IF(OR(C5="Hito",G5="",D5="",E5=""),"",IF(E5="Días",G5+D5-1,IF(E5="Semanas",G5+(D5*7)-1,IF(E5="Meses",EDATE(G5,D5)-1,"")))) -> 46265 | I5: Completado | J5: FC 1.1 | K5: Mapa de interesados
A6: 1.4 | B6: Revisar propósito, objetivos y alcance | C6: Tarea Nivel 3 | D6: 1 | E6: Días | F6: Ambos | G6: 46266 | H6: =IF(OR(C6="Hito",G6="",D6="",E6=""),"",IF(E6="Días",G6+D6-1,IF(E6="Semanas",G6+(D6*7)-1,IF(E6="Meses",EDATE(G6,D6)-1,"")))) -> 46266 | I6: Completado | J6: FC 1.1 | K6: Alcance validado
A7: 1.5 | B7: Definir esquema de comunicación del equipo | C7: Tarea Nivel 3 | D7: 1 | E7: Días | F7: Saul | G7: 46266 | H7: =IF(OR(C7="Hito",G7="",D7="",E7=""),"",IF(E7="Días",G7+D7-1,IF(E7="Semanas",G7+(D7*7)-1,IF(E7="Meses",EDATE(G7,D7)-1,"")))) -> 46266 | I7: Completado | J7: CC 1.3 | K7: Esquema de comunicación
A8: 1.6 | B8: Preparar estructura documental del proyecto | C8: Tarea Nivel 3 | D8: 1 | E8: Días | F8: Tú | G8: 46267 | H8: =IF(OR(C8="Hito",G8="",D8="",E8=""),"",IF(E8="Días",G8+D8-1,IF(E8="Semanas",G8+(D8*7)-1,IF(E8="Meses",EDATE(G8,D8)-1,"")))) -> 46267 | I8: Completado | J8: CC 1.4 | K8: Estructura documental
A9: 1.7 | B9: Preparar ambiente inicial de desarrollo | C9: Tarea Nivel 3 | D9: 2 | E9: Días | F9: Saul | G9: 46268 | H9: =IF(OR(C9="Hito",G9="",D9="",E9=""),"",IF(E9="Días",G9+D9-1,IF(E9="Semanas",G9+(D9*7)-1,IF(E9="Meses",EDATE(G9,D9)-1,"")))) -> 46269 | I9: Completado | J9: FC 1.2 | K9: Entorno inicial
A10: 1.8 | B10: Revisión de planificación inicial | C10: Tarea Nivel 3 | D10: 1 | E10: Días | F10: Ambos | G10: 46268 | H10: =IF(OR(C10="Hito",G10="",D10="",E10=""),"",IF(E10="Días",G10+D10-1,IF(E10="Semanas",G10+(D10*7)-1,IF(E10="Meses",EDATE(G10,D10)-1,"")))) -> 46268 | I10: Completado | J10: FF 1.5, 1.6, 1.7 | K10: Planificación inicial
A11: 2 | B11: REQUISITOS Y DISEÑO FUNCIONAL | C11: Entregable Nivel 2 | D11: 16 | E11: Días | F11: Ambos | G11: 46269 | H11: =IF(OR(C11="Hito",G11="",D11="",E11=""),"",IF(E11="Días",G11+D11-1,IF(E11="Semanas",G11+(D11*7)-1,IF(E11="Meses",EDATE(G11,D11)-1,"")))) -> 46284 | I11: En Proceso | J11: FC 1.8 | K11: Especificación funcional
A12: 2.1 | B12: Levantamiento de requisitos funcionales | C12: Tarea Nivel 3 | D12: 3 | E12: Días | F12: Tú | G12: 46269 | H12: =IF(OR(C12="Hito",G12="",D12="",E12=""),"",IF(E12="Días",G12+D12-1,IF(E12="Semanas",G12+(D12*7)-1,IF(E12="Meses",EDATE(G12,D12)-1,"")))) -> 46271 | I12: Completado | J12: FC 1.8 | K12: Requisitos funcionales
A13: 2.2 | B13: Levantamiento de requisitos no funcionales | C13: Tarea Nivel 3 | D13: 3 | E13: Días | F13: Saul | G13: 46269 | H13: =IF(OR(C13="Hito",G13="",D13="",E13=""),"",IF(E13="Días",G13+D13-1,IF(E13="Semanas",G13+(D13*7)-1,IF(E13="Meses",EDATE(G13,D13)-1,"")))) -> 46271 | I13: Completado | J13: CC 2.1 | K13: Requisitos no funcionales
... A20: 2.9 | B20: Definir flujo de comunicación con familiares a partir de reportes autorizados | C20: Tarea Nivel 3 | D20: 2 | E20: Días | F20: Saul | G20: 46278 | H20: =IF(OR(C20="Hito",G20="",D20="",E20=""),"",IF(E20="Días",G20+D20-1,IF(E20="Semanas",G20+(D20*7)-1,IF(E20="Meses",EDATE(G20,D20)-1,"")))) -> 46279 | I20: Completado | J20: FC 2.3 | K20: Flujo de comunicación
A21: 2,10 | B21: Elaborar historias de usuario | C21: Tarea Nivel 3 | D21: 3 | E21: Días | F21: Tú | G21: 46280 | H21: =IF(OR(C21="Hito",G21="",D21="",E21=""),"",IF(E21="Días",G21+D21-1,IF(E21="Semanas",G21+(D21*7)-1,IF(E21="Meses",EDATE(G21,D21)-1,"")))) -> 46282 | I21: En Proceso | J21: FC 2.1, 2.3 | K21: Historias de usuario
A22: 2.11 | B22: Definir criterios de aceptación específicos | C22: Tarea Nivel 3 | D22: 2 | E22: Días | F22: Ambos | G22: 46283 | H22: =IF(OR(C22="Hito",G22="",D22="",E22=""),"",IF(E22="Días",G22+D22-1,IF(E22="Semanas",G22+(D22*7)-1,IF(E22="Meses",EDATE(G22,D22)-1,"")))) -> 46284 | I22: En Proceso | J22: FC 2.10 | K22: Criterios de aceptación
A23: 2.12 | B23: Validar requisitos con institución | C23: Tarea Nivel 3 | D23: 2 | E23: Días | F23: Ambos | G23: 46284 | H23: =IF(OR(C23="Hito",G23="",D23="",E23=""),"",IF(E23="Días",G23+D23-1,IF(E23="Semanas",G23+(D23*7)-1,IF(E23="Meses",EDATE(G23,D23)-1,"")))) -> 46285 | I23: Completado | J23: FC 2.11 | K23: Requisitos aprobados
A24: 3 | B24: BASE FUNCIONAL Y GENERACIÓN DE QR | C24: Entregable Nivel 2 | D24: 25 | E24: Días | F24: Ambos | G24: 46286 | H24: =IF(OR(C24="Hito",G24="",D24="",E24=""),"",IF(E24="Días",G24+D24-1,IF(E24="Semanas",G24+(D24*7)-1,IF(E24="Meses",EDATE(G24,D24)-1,"")))) -> 46310 | I24: En Proceso | J24: FC actividades H1 | K24: Sistema QR funcional + códigos validados
A25: 3.1 | B25: Diseñar arquitectura inicial | C25: Tarea Nivel 3 | D25: 2 | E25: Días | F25: Saul | G25: 46287 | H25: =IF(OR(C25="Hito",G25="",D25="",E25=""),"",IF(E25="Días",G25+D25-1,IF(E25="Semanas",G25+(D25*7)-1,IF(E25="Meses",EDATE(G25,D25)-1,"")))) -> 46288 | I25: En Proceso | J25: FC 2.12 | K25: Arquitectura inicial
A26: 3.2 | B26: Diseñar modelo de datos inicial | C26: Tarea Nivel 3 | D26: 2 | E26: Días | F26: Saul | G26: 46287 | H26: =IF(OR(C26="Hito",G26="",D26="",E26=""),"",IF(E26="Días",G26+D26-1,IF(E26="Semanas",G26+(D26*7)-1,IF(E26="Meses",EDATE(G26,D26)-1,"")))) -> 46288 | I26: En Proceso | J26: CC 3.1 | K26: Modelo de datos
A27: 3.3 | B27: Configurar proyecto Next.js/TypeScript | C27: Tarea Nivel 3 | D27: 2 | E27: Días | F27: Saul | G27: 46289 | H27: =IF(OR(C27="Hito",G27="",D27="",E27=""),"",IF(E27="Días",G27+D27-1,IF(E27="Semanas",G27+(D27*7)-1,IF(E27="Meses",EDATE(G27,D27)-1,"")))) -> 46290 | I27: En Proceso | J27: FC 3.1 | K27: Proyecto base
A28: 3.4 | B28: Configurar PostgreSQL | C28: Tarea Nivel 3 | D28: 2 | E28: Días | F28: Saul | G28: 46289 | H28: =IF(OR(C28="Hito",G28="",D28="",E28=""),"",IF(E28="Días",G28+D28-1,IF(E28="Semanas",G28+(D28*7)-1,IF(E28="Meses",EDATE(G28,D28)-1,"")))) -> 46290 | I28: En Proceso | J28: FC 3.2 | K28: BD inicial
A29: 3.5 | B29: Implementar backend/API base | C29: Tarea Nivel 3 | D29: 3 | E29: Días | F29: Saul | G29: 46292 | H29: =IF(OR(C29="Hito",G29="",D29="",E29=""),"",IF(E29="Días",G29+D29-1,IF(E29="Semanas",G29+(D29*7)-1,IF(E29="Meses",EDATE(G29,D29)-1,"")))) -> 46294 | I29: En Proceso | J29: FC 3.3, 3.4 | K29: API base
A30: 3.6 | B30: Implementar modelo de estudiantes | C30: Tarea Nivel 3 | D30: 2 | E30: Días | F30: Saul | G30: 46294 | H30: =IF(OR(C30="Hito",G30="",D30="",E30=""),"",IF(E30="Días",G30+D30-1,IF(E30="Semanas",G30+(D30*7)-1,IF(E30="Meses",EDATE(G30,D30)-1,"")))) -> 46295 | I30: En Proceso | J30: FC 3.4 | K30: Modelo de estudiantes
A31: 3.7 | B31: Implementar CRUD de estudiantes | C31: Tarea Nivel 3 | D31: 3 | E31: Días | F31: Tú | G31: 46295 | H31: =IF(OR(C31="Hito",G31="",D31="",E31=""),"",IF(E31="Días",G31+D31-1,IF(E31="Semanas",G31+(D31*7)-1,IF(E31="Meses",EDATE(G31,D31)-1,"")))) -> 46297 | I31: En Proceso | J31: CC 3.6 | K31: Gestión de estudiantes
A32: 3.8 | B32: Implementar generación de QR | C32: Tarea Nivel 3 | D32: 2 | E32: Días | F32: Saul | G32: 46296 | H32: =IF(OR(C32="Hito",G32="",D32="",E32=""),"",IF(E32="Días",G32+D32-1,IF(E32="Semanas",G32+(D32*7)-1,IF(E32="Meses",EDATE(G32,D32)-1,"")))) -> 46297 | I32: En Proceso | J32: FC 3.6 | K32: Generador QR
A33: 3.9 | B33: Asociar QR con estudiante | C33: Tarea Nivel 3 | D33: 1 | E33: Días | F33: Saul | G33: 46296 | H33: =IF(OR(C33="Hito",G33="",D33="",E33=""),"",IF(E33="Días",G33+D33-1,IF(E33="Semanas",G33+(D33*7)-1,IF(E33="Meses",EDATE(G33,D33)-1,"")))) -> 46296 | I33: En Proceso | J33: FC 3.8 | K33: Asociación QR
... A41: 3.17 | B41: Verificación final de KPI-01 a KPI-06 | C41: Tarea Nivel 3 | D41: 1 | E41: Días | F41: Ambos | G41: 46309 | H41: =IF(OR(C41="Hito",G41="",D41="",E41=""),"",IF(E41="Días",G41+D41-1,IF(E41="Semanas",G41+(D41*7)-1,IF(E41="Meses",EDATE(G41,D41)-1,"")))) -> 46309 | I41: En Proceso | J41: FC 3.16 | K41: Evidencias H01
A42: H01 | B42: HITO 01 — Base funcional y generación de QR | C42: Hito | F42: Ambos | G42: 46310 | I42: No completado | J42: FC H1 | K42: KPI-01 a KPI-06 validados
A43: 4 | B43: SERVIDOR LOCAL E INFRAESTRUCTURA INSTITUCIONAL | C43: Entregable Nivel 2 | D43: 1 | E43: Meses | F43: Ambos | G43: 46312 | H43: =IF(OR(C43="Hito",G43="",D43="",E43=""),"",IF(E43="Días",G43+D43-1,IF(E43="Semanas",G43+(D43*7)-1,IF(E43="Meses",EDATE(G43,D43)-1,"")))) -> 46342 | I43: No Iniciado | K43: Infraestructura local operativa
A44: 4.1 | B44: Levantar especificaciones del equipo servidor | C44: Tarea Nivel 3 | D44: 2 | E44: Días | F44: Saul | G44: 46312 | H44: =IF(OR(C44="Hito",G44="",D44="",E44=""),"",IF(E44="Días",G44+D44-1,IF(E44="Semanas",G44+(D44*7)-1,IF(E44="Meses",EDATE(G44,D44)-1,"")))) -> 46313 | I44: No Iniciado | K44: Especificaciones documentadas
A45: 4.2 | B45: Verificar conectividad de red institucional | C45: Tarea Nivel 3 | D45: 2 | E45: Días | F45: Ambos | G45: 46315 | H45: =IF(OR(C45="Hito",G45="",D45="",E45=""),"",IF(E45="Días",G45+D45-1,IF(E45="Semanas",G45+(D45*7)-1,IF(E45="Meses",EDATE(G45,D45)-1,"")))) -> 46316 | I45: No Iniciado | K45: Conectividad validada
A46: 4.3 | B46: Definir arquitectura de despliegue local | C46: Tarea Nivel 3 | D46: 2 | E46: Días | F46: Saul | G46: 46318 | H46: =IF(OR(C46="Hito",G46="",D46="",E46=""),"",IF(E46="Días",G46+D46-1,IF(E46="Semanas",G46+(D46*7)-1,IF(E46="Meses",EDATE(G46,D46)-1,"")))) -> 46319 | I46: No Iniciado | K46: Arquitectura de despliegue
A47: 4.4 | B47: Preparar sistema operativo del servidor | C47: Tarea Nivel 3 | D47: 2 | E47: Días | F47: Saul | G47: 46318 | H47: =IF(OR(C47="Hito",G47="",D47="",E47=""),"",IF(E47="Días",G47+D47-1,IF(E47="Semanas",G47+(D47*7)-1,IF(E47="Meses",EDATE(G47,D47)-1,"")))) -> 46319 | I47: No Iniciado | K47: Entorno preparado
A48: 4.5 | B48: Configurar PostgreSQL en servidor local | C48: Tarea Nivel 3 | D48: 2 | E48: Días | F48: Saul | G48: 46322 | H48: =IF(OR(C48="Hito",G48="",D48="",E48=""),"",IF(E48="Días",G48+D48-1,IF(E48="Semanas",G48+(D48*7)-1,IF(E48="Meses",EDATE(G48,D48)-1,"")))) -> 46323 | I48: No Iniciado | K48: BD local operativa
A49: 4.6 | B49: Configurar backend/API en servidor | C49: Tarea Nivel 3 | D49: 2 | E49: Días | F49: Saul | G49: 46322 | H49: =IF(OR(C49="Hito",G49="",D49="",E49=""),"",IF(E49="Días",G49+D49-1,IF(E49="Semanas",G49+(D49*7)-1,IF(E49="Meses",EDATE(G49,D49)-1,"")))) -> 46323 | I49: No Iniciado | K49: Backend local operativo
A50: 4.7 | B50: Configurar frontend web para red local | C50: Tarea Nivel 3 | D50: 2 | E50: Días | F50: Tú | G50: 46325 | H50: =IF(OR(C50="Hito",G50="",D50="",E50=""),"",IF(E50="Días",G50+D50-1,IF(E50="Semanas",G50+(D50*7)-1,IF(E50="Meses",EDATE(G50,D50)-1,"")))) -> 46326 | I50: No Iniciado | K50: Web LAN operativa
A51: 4.8 | B51: Integrar aplicación móvil con servidor local | C51: Tarea Nivel 3 | D51: 2 | E51: Días | F51: Ambos | G51: 46326 | H51: =IF(OR(C51="Hito",G51="",D51="",E51=""),"",IF(E51="Días",G51+D51-1,IF(E51="Semanas",G51+(D51*7)-1,IF(E51="Meses",EDATE(G51,D51)-1,"")))) -> 46327 | I51: No Iniciado | K51: App conectada a LAN
A52: 4.9 | B52: Configurar control de acceso al servidor | C52: Tarea Nivel 3 | D52: 1 | E52: Días | F52: Saul | G52: 46329 | H52: =IF(OR(C52="Hito",G52="",D52="",E52=""),"",IF(E52="Días",G52+D52-1,IF(E52="Semanas",G52+(D52*7)-1,IF(E52="Meses",EDATE(G52,D52)-1,"")))) -> 46329 | I52: No Iniciado | K52: Acceso controlado
A53: 4.10 | B53: Configurar respaldos automáticos | C53: Tarea Nivel 3 | D53: 2 | E53: Días | F53: Saul | G53: 46331 | H53: =IF(OR(C53="Hito",G53="",D53="",E53=""),"",IF(E53="Días",G53+D53-1,IF(E53="Semanas",G53+(D53*7)-1,IF(E53="Meses",EDATE(G53,D53)-1,"")))) -> 46332 | I53: No Iniciado | K53: Sistema de respaldos | N53: 46406
A54: 4.11 | B54: Probar recuperación de respaldos | C54: Tarea Nivel 3 | D54: 2 | E54: Días | F54: Saul | G54: 46332 | H54: =IF(OR(C54="Hito",G54="",D54="",E54=""),"",IF(E54="Días",G54+D54-1,IF(E54="Semanas",G54+(D54*7)-1,IF(E54="Meses",EDATE(G54,D54)-1,"")))) -> 46333 | I54: No Iniciado | K54: Recuperación validada | N54: 46406
A55: 4.12 | B55: Probar operación sin Internet | C55: Tarea Nivel 3 | D55: 2 | E55: Días | F55: Ambos | G55: 46333 | H55: =IF(OR(C55="Hito",G55="",D55="",E55=""),"",IF(E55="Días",G55+D55-1,IF(E55="Semanas",G55+(D55*7)-1,IF(E55="Meses",EDATE(G55,D55)-1,"")))) -> 46334 | I55: No Iniciado | K55: Operación LAN validada | N55: 46408
A56: 4.13 | B56: Documentar instalación y recuperación del servidor | C56: Tarea Nivel 3 | D56: 1 | E56: Días | F56: Saul | G56: 46334 | H56: =IF(OR(C56="Hito",G56="",D56="",E56=""),"",IF(E56="Días",G56+D56-1,IF(E56="Semanas",G56+(D56*7)-1,IF(E56="Meses",EDATE(G56,D56)-1,"")))) -> 46334 | I56: No Iniciado | K56: Documentación técnica | N56: 46410
A57: 4.14 | B57: Verificación de KPI-29 a KPI-34 | C57: Tarea Nivel 3 | D57: 1 | E57: Días | F57: Ambos | G57: 46431 | H57: =IF(OR(C57="Hito",G57="",D57="",E57=""),"",IF(E57="Días",G57+D57-1,IF(E57="Semanas",G57+(D57*7)-1,IF(E57="Meses",EDATE(G57,D57)-1,"")))) -> 46431 | I57: No Iniciado | K57: Evidencias H05 | N57: 46413
A58: H05 | B58: HITO 05 — Servidor local e infraestructura institucional | C58: Hito | F58: Ambos | G58: 46431 | I58: No completado | K58: KPI-29 a KPI-34 validados | N58: 46415
A59: 5 | B59: SISTEMA WEB INTEGRADO | C59: Entregable Nivel 2 | D59: 3 | E59: Semanas | F59: Ambos | G59: 46406 | H59: =IF(OR(C59="Hito",G59="",D59="",E59=""),"",IF(E59="Días",G59+D59-1,IF(E59="Semanas",G59+(D59*7)-1,IF(E59="Meses",EDATE(G59,D59)-1,"")))) -> 46426 | I59: No Iniciado | J59: FC H1 | K59: Plataforma web integrada | N59: 46417
A60: 5.1 | B60: Diseñar autenticación | C60: Tarea Nivel 3 | D60: 2 | E60: Días | F60: Saul | G60: 46406 | H60: =IF(OR(C60="Hito",G60="",D60="",E60=""),"",IF(E60="Días",G60+D60-1,IF(E60="Semanas",G60+(D60*7)-1,IF(E60="Meses",EDATE(G60,D60)-1,"")))) -> 46407 | I60: No Iniciado | J60: FC 4.1 | K60: Diseño de autenticación | N60: 46420
A61: 5.2 | B61: Implementar autenticación | C61: Tarea Nivel 3 | D61: 2 | E61: Días | F61: Saul | G61: 46408 | H61: =IF(OR(C61="Hito",G61="",D61="",E61=""),"",IF(E61="Días",G61+D61-1,IF(E61="Semanas",G61+(D61*7)-1,IF(E61="Meses",EDATE(G61,D61)-1,"")))) -> 46409 | I61: No Iniciado | J61: FC 4.2 | K61: Login funcional | N61: 46422
A62: 5.3 | B62: Implementar roles y permisos | C62: Tarea Nivel 3 | D62: 3 | E62: Días | F62: Saul | G62: 46410 | H62: =IF(OR(C62="Hito",G62="",D62="",E62=""),"",IF(E62="Días",G62+D62-1,IF(E62="Semanas",G62+(D62*7)-1,IF(E62="Meses",EDATE(G62,D62)-1,"")))) -> 46412 | I62: No Iniciado | J62: CC 4.3 | K62: Control de acceso | N62: 46423
A63: 5.4 | B63: Diseñar modelo de familiares | C63: Tarea Nivel 3 | D63: 2 | E63: Días | F63: Tú | G63: 46413 | H63: =IF(OR(C63="Hito",G63="",D63="",E63=""),"",IF(E63="Días",G63+D63-1,IF(E63="Semanas",G63+(D63*7)-1,IF(E63="Meses",EDATE(G63,D63)-1,"")))) -> 46414 | I63: No Iniciado | J63: FC 4.4 | K63: Modelo familiares | N63: 46425
A64: 5.5 | B64: Implementar familiares | C64: Tarea Nivel 3 | D64: 2 | E64: Días | F64: Saul | G64: 46415 | H64: =IF(OR(C64="Hito",G64="",D64="",E64=""),"",IF(E64="Días",G64+D64-1,IF(E64="Semanas",G64+(D64*7)-1,IF(E64="Meses",EDATE(G64,D64)-1,"")))) -> 46416 | I64: No Iniciado | J64: FC H1 | K64: Gestión familiares | N64: 46427
A65: 5.6 | B65: Diseñar panel administrativo | C65: Tarea Nivel 3 | D65: 2 | E65: Días | F65: Tú | G65: 46417 | H65: =IF(OR(C65="Hito",G65="",D65="",E65=""),"",IF(E65="Días",G65+D65-1,IF(E65="Semanas",G65+(D65*7)-1,IF(E65="Meses",EDATE(G65,D65)-1,"")))) -> 46418 | I65: No Iniciado | J65: FC 4.6 | K65: Diseño panel | N65: 46429
A66: 5.7 | B66: Implementar panel administrativo | C66: Tarea Nivel 3 | D66: 3 | E66: Días | F66: Tú | G66: 46420 | H66: =IF(OR(C66="Hito",G66="",D66="",E66=""),"",IF(E66="Días",G66+D66-1,IF(E66="Semanas",G66+(D66*7)-1,IF(E66="Meses",EDATE(G66,D66)-1,"")))) -> 46422 | I66: No Iniciado | J66: FC 4.3, 4.5, 4.7 | K66: Panel funcional | N66: 46430
A67: 5.8 | B67: Integrar estudiantes, usuarios y familiares | C67: Tarea Nivel 3 | D67: 3 | E67: Días | F67: Saul | G67: 46422 | H67: =IF(OR(C67="Hito",G67="",D67="",E67=""),"",IF(E67="Días",G67+D67-1,IF(E67="Semanas",G67+(D67*7)-1,IF(E67="Meses",EDATE(G67,D67)-1,"")))) -> 46424 | I67: No Iniciado | J67: FC 4.8 | K67: Sistema integrado | N67: 46431
A68: 5.9 | B68: Pruebas de integración web | C68: Tarea Nivel 3 | D68: 2 | E68: Días | F68: Ambos | G68: 46423 | H68: =IF(OR(C68="Hito",G68="",D68="",E68=""),"",IF(E68="Días",G68+D68-1,IF(E68="Semanas",G68+(D68*7)-1,IF(E68="Meses",EDATE(G68,D68)-1,"")))) -> 46424 | I68: No Iniciado | J68: FC 4.9 | K68: Evidencias web | N68: 46431
A69: 5.10 | B69: Correcciones H02 | C69: Tarea Nivel 3 | D69: 2 | E69: Días | F69: Ambos | G69: 46425 | I69: No completado | J69: FC 4.10 | K69: Versión corregida
A70: 5.11 | B70: Verificación de KPI-07 a KPI-11 | C70: Tarea Nivel 3 | D70: 1 | E70: Días | F70: Ambos | G70: 46427 | H70: =IF(OR(C70="Hito",G70="",D70="",E70=""),"",IF(E70="Días",G70+D70-1,IF(E70="Semanas",G70+(D70*7)-1,IF(E70="Meses",EDATE(G70,D70)-1,"")))) -> 46427 | I70: No Iniciado | J70: FC H2 | K70: Evidencias H02
A71: 5.12 | B71: Validación final del sistema web | C71: Tarea Nivel 3 | D71: 1 | E71: Días | F71: Ambos | G71: 46429 | H71: =IF(OR(C71="Hito",G71="",D71="",E71=""),"",IF(E71="Días",G71+D71-1,IF(E71="Semanas",G71+(D71*7)-1,IF(E71="Meses",EDATE(G71,D71)-1,"")))) -> 46429 | I71: No Iniciado | J71: FC H2 | K71: Web validada
A72: H02 | B72: HITO 02 — Sistema web integrado | C72: Hito | F72: Ambos | G72: 46430 | I72: No completado | J72: FC 5.1 | K72: KPI-07 a KPI-11 validados
A73: 6 | B73: BACKEND, API Y CONTROL DE ASISTENCIA | C73: Entregable Nivel 2 | D73: 1 | E73: Meses | F73: Ambos | G73: 46431 | H73: =IF(OR(C73="Hito",G73="",D73="",E73=""),"",IF(E73="Días",G73+D73-1,IF(E73="Semanas",G73+(D73*7)-1,IF(E73="Meses",EDATE(G73,D73)-1,"")))) -> 46458 | I73: No Iniciado | J73: FC 5.2 | K73: Sistema de asistencia funcional
A74: 6.1 | B74: Diseñar modelo de asistencia diaria por grupo | C74: Tarea Nivel 3 | D74: 2 | E74: Días | F74: Saul | G74: 46431 | H74: =IF(OR(C74="Hito",G74="",D74="",E74=""),"",IF(E74="Días",G74+D74-1,IF(E74="Semanas",G74+(D74*7)-1,IF(E74="Meses",EDATE(G74,D74)-1,"")))) -> 46432 | I74: No Iniciado | J74: FC 5.3 | K74: Modelo de asistencia
A75: 6.2 | B75: Definir estados de asistencia | C75: Tarea Nivel 3 | D75: 2 | E75: Días | F75: Saul | G75: 46336 | H75: =IF(OR(C75="Hito",G75="",D75="",E75=""),"",IF(E75="Días",G75+D75-1,IF(E75="Semanas",G75+(D75*7)-1,IF(E75="Meses",EDATE(G75,D75)-1,"")))) -> 46337 | I75: No Iniciado | J75: FC 5.2 | K75: Reglas de estados
A76: 6.3 | B76: Implementar modelo de asistencia | C76: Tarea Nivel 3 | D76: 3 | E76: Días | F76: Saul | G76: 46340 | H76: =IF(OR(C76="Hito",G76="",D76="",E76=""),"",IF(E76="Días",G76+D76-1,IF(E76="Semanas",G76+(D76*7)-1,IF(E76="Meses",EDATE(G76,D76)-1,"")))) -> 46342 | I76: No Iniciado | J76: FC 5.3 | K76: Tablas/modelos
A77: 6.4 | B77: Implementar registro de asistencia mediante QR | C77: Tarea Nivel 3 | D77: 3 | E77: Días | F77: Saul | G77: 46344 | H77: =IF(OR(C77="Hito",G77="",D77="",E77=""),"",IF(E77="Días",G77+D77-1,IF(E77="Semanas",G77+(D77*7)-1,IF(E77="Meses",EDATE(G77,D77)-1,"")))) -> 46346 | I77: No Iniciado | J77: FC 5.4, 5.5, 5.6 | K77: Registro de asistencia
A78: 6.5 | B78: Implementar identificación automática de estudiante y grupo | C78: Tarea Nivel 3 | D78: 2 | E78: Días | F78: Saul | G78: 46344 | H78: =IF(OR(C78="Hito",G78="",D78="",E78=""),"",IF(E78="Días",G78+D78-1,IF(E78="Semanas",G78+(D78*7)-1,IF(E78="Meses",EDATE(G78,D78)-1,"")))) -> 46345 | I78: No Iniciado | J78: FC 5.7 | K78: Asociación estudiante-grupo
A79: 6.6 | B79: Implementar reglas de duplicados | C79: Tarea Nivel 3 | D79: 2 | E79: Días | F79: Tú | G79: 46346 | H79: =IF(OR(C79="Hito",G79="",D79="",E79=""),"",IF(E79="Días",G79+D79-1,IF(E79="Semanas",G79+(D79*7)-1,IF(E79="Meses",EDATE(G79,D79)-1,"")))) -> 46347 | I79: No Iniciado | J79: FC 5.7, 5.8 | K79: Control de duplicados
A80: 6.7 | B80: Implementar estados asistió, falta y llegada tarde | C80: Tarea Nivel 3 | D80: 2 | E80: Días | F80: Ambos | G80: 46347 | H80: =IF(OR(C80="Hito",G80="",D80="",E80=""),"",IF(E80="Días",G80+D80-1,IF(E80="Semanas",G80+(D80*7)-1,IF(E80="Meses",EDATE(G80,D80)-1,"")))) -> 46348 | I80: No Iniciado | K80: Estados de asistencia
A81: 6.8 | B81: Implementar registro diario por grupo | C81: Tarea Nivel 3 | D81: 2 | E81: Días | F81: Saul | G81: 46350 | H81: =IF(OR(C81="Hito",G81="",D81="",E81=""),"",IF(E81="Días",G81+D81-1,IF(E81="Semanas",G81+(D81*7)-1,IF(E81="Meses",EDATE(G81,D81)-1,"")))) -> 46351 | I81: No Iniciado | K81: Registro diario
A82: 6.9 | B82: Implementar consulta de asistencia por grupo y fecha | C82: Tarea Nivel 3 | D82: 2 | E82: Días | F82: Ambos | G82: 46351 | H82: =IF(OR(C82="Hito",G82="",D82="",E82=""),"",IF(E82="Días",G82+D82-1,IF(E82="Semanas",G82+(D82*7)-1,IF(E82="Meses",EDATE(G82,D82)-1,"")))) -> 46352 | I82: No Iniciado | K82: Consulta grupal
A83: 6.10 | B83: Implementar consulta histórica individual | C83: Tarea Nivel 3 | D83: 2 | E83: Días | F83: Tú | G83: 46353 | H83: =IF(OR(C83="Hito",G83="",D83="",E83=""),"",IF(E83="Días",G83+D83-1,IF(E83="Semanas",G83+(D83*7)-1,IF(E83="Meses",EDATE(G83,D83)-1,"")))) -> 46354 | I83: No Iniciado | K83: Historial estudiante
A84: 6.11 | B84: Integrar registro de asistencia con API | C84: Tarea Nivel 3 | D84: 2 | E84: Días | F84: Saul | G84: 46354 | H84: =IF(OR(C84="Hito",G84="",D84="",E84=""),"",IF(E84="Días",G84+D84-1,IF(E84="Semanas",G84+(D84*7)-1,IF(E84="Meses",EDATE(G84,D84)-1,"")))) -> 46355 | I84: No Iniciado | K84: API asistencia
A85: 6.12 | B85: Pruebas funcionales de asistencia | C85: Tarea Nivel 3 | D85: 2 | E85: Días | F85: Ambos | G85: 46357 | H85: =IF(OR(C85="Hito",G85="",D85="",E85=""),"",IF(E85="Días",G85+D85-1,IF(E85="Semanas",G85+(D85*7)-1,IF(E85="Meses",EDATE(G85,D85)-1,"")))) -> 46358 | I85: No Iniciado | K85: Evidencias
A86: 6.13 | B86: Pruebas de lectura y rendimiento | C86: Tarea Nivel 3 | D86: 1 | E86: Días | F86: Saul | G86: 46358 | H86: =IF(OR(C86="Hito",G86="",D86="",E86=""),"",IF(E86="Días",G86+D86-1,IF(E86="Semanas",G86+(D86*7)-1,IF(E86="Meses",EDATE(G86,D86)-1,"")))) -> 46358 | I86: No Iniciado | K86: Resultados lectura
A87: 6.14 | B87: Correcciones del módulo de asistencia | C87: Tarea Nivel 3 | D87: 1 | E87: Días | F87: Ambos | G87: 46359 | H87: =IF(OR(C87="Hito",G87="",D87="",E87=""),"",IF(E87="Días",G87+D87-1,IF(E87="Semanas",G87+(D87*7)-1,IF(E87="Meses",EDATE(G87,D87)-1,"")))) -> 46359 | I87: No Iniciado | J87: FC 5.9 | K87: Versión corregida
A88: 6.15 | B88: Validación de asistencia con institución | C88: Tarea Nivel 3 | D88: 1 | E88: Semanas | F88: Ambos | G88: 46360 | H88: =IF(OR(C88="Hito",G88="",D88="",E88=""),"",IF(E88="Días",G88+D88-1,IF(E88="Semanas",G88+(D88*7)-1,IF(E88="Meses",EDATE(G88,D88)-1,"")))) -> 46366 | I88: No Iniciado | J88: FC H3 | K88: Validación institucional
A89: 6.16 | B89: Verificación de KPI-12 a KPI-18 | C89: Tarea Nivel 3 | D89: 1 | E89: Días | F89: Ambos | G89: 46361 | H89: =IF(OR(C89="Hito",G89="",D89="",E89=""),"",IF(E89="Días",G89+D89-1,IF(E89="Semanas",G89+(D89*7)-1,IF(E89="Meses",EDATE(G89,D89)-1,"")))) -> 46361 | I89: No Iniciado | J89: FC H3 | K89: Evidencias H03
A90: H03 | B90: HITO 03 — Backend, API y control de asistencia | C90: Hito | F90: Ambos | G90: 46362 | I90: No completado | J90: CC 6.1 | K90: KPI-12 a KPI-18 validados
A91: 7 | B91: APLICACIÓN MÓVIL | C91: Entregable Nivel 2 | D91: 40 | E91: Días | F91: Ambos | G91: 46364 | H91: =IF(OR(C91="Hito",G91="",D91="",E91=""),"",IF(E91="Días",G91+D91-1,IF(E91="Semanas",G91+(D91*7)-1,IF(E91="Meses",EDATE(G91,D91)-1,"")))) -> 46403 | I91: No Iniciado | J91: CC 6.1 | K91: Aplicación móvil integrada con SIGE
A92: 7.1 | B92: Definir arquitectura de la aplicación móvil | C92: Tarea Nivel 3 | D92: 2 | E92: Días | F92: Tú | G92: 46364 | H92: =IF(OR(C92="Hito",G92="",D92="",E92=""),"",IF(E92="Días",G92+D92-1,IF(E92="Semanas",G92+(D92*7)-1,IF(E92="Meses",EDATE(G92,D92)-1,"")))) -> 46365 | I92: No Iniciado | J92: FC 6.2, 6.3 | K92: Arquitectura móvil
A93: 7.2 | B93: Definir navegación y estructura de pantallas | C93: Tarea Nivel 3 | D93: 3 | E93: Días | F93: Saul | G93: 46367 | H93: =IF(OR(C93="Hito",G93="",D93="",E93=""),"",IF(E93="Días",G93+D93-1,IF(E93="Semanas",G93+(D93*7)-1,IF(E93="Meses",EDATE(G93,D93)-1,"")))) -> 46369 | I93: No Iniciado | J93: FC 6.4 | K93: Flujo UX móvil
A94: 7.3 | B94: Configurar proyecto móvil | C94: Tarea Nivel 3 | D94: 2 | E94: Días | F94: Tú | G94: 46371 | H94: =IF(OR(C94="Hito",G94="",D94="",E94=""),"",IF(E94="Días",G94+D94-1,IF(E94="Semanas",G94+(D94*7)-1,IF(E94="Meses",EDATE(G94,D94)-1,"")))) -> 46372 | I94: No Iniciado | J94: CC 6.5 | K94: Proyecto móvil base
A95: 7.4 | B95: Integrar autenticación | C95: Tarea Nivel 3 | D95: 2 | E95: Días | F95: Ambos | G95: 46373 | H95: =IF(OR(C95="Hito",G95="",D95="",E95=""),"",IF(E95="Días",G95+D95-1,IF(E95="Semanas",G95+(D95*7)-1,IF(E95="Meses",EDATE(G95,D95)-1,"")))) -> 46374 | I95: No Iniciado | J95: FC 6.4, 6.5, 6.6 | K95: Autenticación móvil
A96: 7.5 | B96: Integrar comunicación con API | C96: Tarea Nivel 3 | D96: 2 | E96: Días | F96: Ambos | G96: 46375 | H96: =IF(OR(C96="Hito",G96="",D96="",E96=""),"",IF(E96="Días",G96+D96-1,IF(E96="Semanas",G96+(D96*7)-1,IF(E96="Meses",EDATE(G96,D96)-1,"")))) -> 46376 | I96: No Iniciado | J96: FC 6.7 | K96: Cliente API
A97: 7.6 | B97: Implementar permisos por rol | C97: Tarea Nivel 3 | D97: 2 | E97: Días | F97: Saul | G97: 46378 | H97: =IF(OR(C97="Hito",G97="",D97="",E97=""),"",IF(E97="Días",G97+D97-1,IF(E97="Semanas",G97+(D97*7)-1,IF(E97="Meses",EDATE(G97,D97)-1,"")))) -> 46379 | I97: No Iniciado | J97: FC 6.8 | K97: Control de acceso móvil
A98: 7.7 | B98: Implementar lector QR móvil | C98: Tarea Nivel 3 | D98: 3 | E98: Días | F98: Tú | G98: 46381 | H98: =IF(OR(C98="Hito",G98="",D98="",E98=""),"",IF(E98="Días",G98+D98-1,IF(E98="Semanas",G98+(D98*7)-1,IF(E98="Meses",EDATE(G98,D98)-1,"")))) -> 46383 | I98: No Iniciado | K98: Escáner QR
A99: 7.8 | B99: Implementar registro de asistencia mediante QR | C99: Tarea Nivel 3 | D99: 3 | E99: Días | F99: Ambos | G99: 46386 | H99: =IF(OR(C99="Hito",G99="",D99="",E99=""),"",IF(E99="Días",G99+D99-1,IF(E99="Semanas",G99+(D99*7)-1,IF(E99="Meses",EDATE(G99,D99)-1,"")))) -> 46388 | I99: No Iniciado | K99: Asistencia móvil
A100: 7.9 | B100: Implementar confirmación del registro | C100: Tarea Nivel 3 | D100: 1 | E100: Días | F100: Ambos | G100: 46387 | H100: =IF(OR(C100="Hito",G100="",D100="",E100=""),"",IF(E100="Días",G100+D100-1,IF(E100="Semanas",G100+(D100*7)-1,IF(E100="Meses",EDATE(G100,D100)-1,"")))) -> 46387 | I100: No Iniciado | K100: Confirmación asistencia
A101: 7.10 | B101: Pruebas de integración QR-API-DB | C101: Tarea Nivel 3 | D101: 2 | E101: Días | F101: Ambos | G101: 46390 | H101: =IF(OR(C101="Hito",G101="",D101="",E101=""),"",IF(E101="Días",G101+D101-1,IF(E101="Semanas",G101+(D101*7)-1,IF(E101="Meses",EDATE(G101,D101)-1,"")))) -> 46391 | I101: No Iniciado | K101: Integración validada
A102: 7.11 | B102: Corrección del flujo de asistencia móvil | C102: Tarea Nivel 3 | D102: 2 | E102: Días | F102: Ambos | G102: 46392 | H102: =IF(OR(C102="Hito",G102="",D102="",E102=""),"",IF(E102="Días",G102+D102-1,IF(E102="Semanas",G102+(D102*7)-1,IF(E102="Meses",EDATE(G102,D102)-1,"")))) -> 46393 | I102: No Iniciado | K102: Versión móvil v1
A103: 7.12 | B103: Diseñar módulo móvil de reportes | C103: Tarea Nivel 3 | D103: 2 | E103: Días | F103: Tú | G103: 46394 | H103: =IF(OR(C103="Hito",G103="",D103="",E103=""),"",IF(E103="Días",G103+D103-1,IF(E103="Semanas",G103+(D103*7)-1,IF(E103="Meses",EDATE(G103,D103)-1,"")))) -> 46395 | I103: No Iniciado | K103: Diseño reportes móvil
A104: 7.13 | B104: Implementar registro de reportes docente | C104: Tarea Nivel 3 | D104: 2 | E104: Días | F104: Tú | G104: 46396 | H104: =IF(OR(C104="Hito",G104="",D104="",E104=""),"",IF(E104="Días",G104+D104-1,IF(E104="Semanas",G104+(D104*7)-1,IF(E104="Meses",EDATE(G104,D104)-1,"")))) -> 46397 | I104: No Iniciado | K104: Reportes desde móvil
A105: 7.14 | B105: Implementar consulta de reportes para prefectos | C105: Tarea Nivel 3 | D105: 2 | E105: Días | F105: Saul | G105: 46399 | H105: =IF(OR(C105="Hito",G105="",D105="",E105=""),"",IF(E105="Días",G105+D105-1,IF(E105="Semanas",G105+(D105*7)-1,IF(E105="Meses",EDATE(G105,D105)-1,"")))) -> 46400 | I105: No Iniciado | K105: Bandeja prefectura
A106: 7.15 | B106: Implementar filtros de reportes | C106: Tarea Nivel 3 | D106: 1 | E106: Días | F106: Tú | G106: 46399 | H106: =IF(OR(C106="Hito",G106="",D106="",E106=""),"",IF(E106="Días",G106+D106-1,IF(E106="Semanas",G106+(D106*7)-1,IF(E106="Meses",EDATE(G106,D106)-1,"")))) -> 46399 | I106: No Iniciado | K106: Filtros móviles
A107: 7.16 | B107: Implementar canalización hacia administración | C107: Tarea Nivel 3 | D107: 1 | E107: Días | F107: Saul | G107: 46400 | H107: =IF(OR(C107="Hito",G107="",D107="",E107=""),"",IF(E107="Días",G107+D107-1,IF(E107="Semanas",G107+(D107*7)-1,IF(E107="Meses",EDATE(G107,D107)-1,"")))) -> 46400 | I107: No Iniciado | K107: Flujo prefecto-administración
A108: 7.17 | B108: Integrar trazabilidad de reportes | C108: Tarea Nivel 3 | D108: 1 | E108: Días | F108: Saul | G108: 46400 | H108: =IF(OR(C108="Hito",G108="",D108="",E108=""),"",IF(E108="Días",G108+D108-1,IF(E108="Semanas",G108+(D108*7)-1,IF(E108="Meses",EDATE(G108,D108)-1,"")))) -> 46400 | I108: No Iniciado | K108: Historial del reporte
A109: 7.18 | B109: Pruebas funcionales de aplicación móvil | C109: Tarea Nivel 3 | D109: 1 | E109: Días | F109: Saul | G109: 46401 | H109: =IF(OR(C109="Hito",G109="",D109="",E109=""),"",IF(E109="Días",G109+D109-1,IF(E109="Semanas",G109+(D109*7)-1,IF(E109="Meses",EDATE(G109,D109)-1,"")))) -> 46401 | I109: No Iniciado | K109: Evidencias móviles
A110: 7.19 | B110: Pruebas en dispositivos representativos | C110: Tarea Nivel 3 | D110: 1 | E110: Días | F110: Ambos | G110: 46401 | H110: =IF(OR(C110="Hito",G110="",D110="",E110=""),"",IF(E110="Días",G110+D110-1,IF(E110="Semanas",G110+(D110*7)-1,IF(E110="Meses",EDATE(G110,D110)-1,"")))) -> 46401 | I110: No Iniciado | J110: FC H3 | K110: Compatibilidad móvil
A111: 7.20 | B111: Correcciones de aplicación móvil | C111: Tarea Nivel 3 | D111: 1 | E111: Días | F111: Saul | G111: 46402 | H111: =IF(OR(C111="Hito",G111="",D111="",E111=""),"",IF(E111="Días",G111+D111-1,IF(E111="Semanas",G111+(D111*7)-1,IF(E111="Meses",EDATE(G111,D111)-1,"")))) -> 46402 | I111: No Iniciado | K111: Versión candidata
A112: H04 | B112: HITO 04 — Aplicación móvil operativa | C112: Hito | F112: Ambos | G112: 46402 | I112: No completado | K112: KPI-19 a KPI-28 validados
A113: 8 | B113: INTEGRACIÓN Y OPERACIÓN PILOTO | C113: Entregable Nivel 2 | D113: 19 | E113: Días | F113: Ambos | G113: 46435 | H113: =IF(OR(C113="Hito",G113="",D113="",E113=""),"",IF(E113="Días",G113+D113-1,IF(E113="Semanas",G113+(D113*7)-1,IF(E113="Meses",EDATE(G113,D113)-1,"")))) -> 46453 | I113: No Iniciado | J113: FC H3 | K113: Operación piloto integrada
...

Sheet Lista de Actividades e Hitos
A1: ID | B1: Actividad/Hito | C1: Entregable Asociado | D1: Fecha Prevista | E1: Responsable | F1: Estado | G1: Tipo
A2: ='Diagrama de Gantt - Estructura '!A2 -> 1 | B2: ='Diagrama de Gantt - Estructura '!B2 -> INICIO Y PLANIFICACIÓN | C2: ='Diagrama de Gantt - Estructura '!K2 -> Base de planificación | D2: ='Diagrama de Gantt - Estructura '!G2 -> 46263 | E2: ='Diagrama de Gantt - Estructura '!F2 -> Ambos | F2: ='Diagrama de Gantt - Estructura '!I2 -> Completado | G2: ='Diagrama de Gantt - Estructura '!C2 -> Entregable Nivel 2
A3: ='Diagrama de Gantt - Estructura '!A3 -> 1.1 | B3: ='Diagrama de Gantt - Estructura '!B3 -> Definir metodología de trabajo | C3: ='Diagrama de Gantt - Estructura '!K3 -> Metodología acordada | D3: ='Diagrama de Gantt - Estructura '!G3 -> 46263 | E3: ='Diagrama de Gantt - Estructura '!F3 -> Tú | F3: ='Diagrama de Gantt - Estructura '!I3 -> Completado | G3: ='Diagrama de Gantt - Estructura '!C3 -> Tarea Nivel 3
A4: ='Diagrama de Gantt - Estructura '!A4 -> 1.2 | B4: ='Diagrama de Gantt - Estructura '!B4 -> Definir herramientas y repositorios | C4: ='Diagrama de Gantt - Estructura '!K4 -> Herramientas configuradas | D4: ='Diagrama de Gantt - Estructura '!G4 -> 46265 | E4: ='Diagrama de Gantt - Estructura '!F4 -> Saul | F4: ='Diagrama de Gantt - Estructura '!I4 -> Completado | G4: ='Diagrama de Gantt - Estructura '!C4 -> Tarea Nivel 3
A5: ='Diagrama de Gantt - Estructura '!A5 -> 1.3 | B5: ='Diagrama de Gantt - Estructura '!B5 -> Elaborar mapa de interesados | C5: ='Diagrama de Gantt - Estructura '!K5 -> Mapa de interesados | D5: ='Diagrama de Gantt - Estructura '!G5 -> 46265 | E5: ='Diagrama de Gantt - Estructura '!F5 -> Tú | F5: ='Diagrama de Gantt - Estructura '!I5 -> Completado | G5: ='Diagrama de Gantt - Estructura '!C5 -> Tarea Nivel 3
A6: ='Diagrama de Gantt - Estructura '!A6 -> 1.4 | B6: ='Diagrama de Gantt - Estructura '!B6 -> Revisar propósito, objetivos y alcance | C6: ='Diagrama de Gantt - Estructura '!K6 -> Alcance validado | D6: ='Diagrama de Gantt - Estructura '!G6 -> 46266 | E6: ='Diagrama de Gantt - Estructura '!F6 -> Ambos | F6: ='Diagrama de Gantt - Estructura '!I6 -> Completado | G6: ='Diagrama de Gantt - Estructura '!C6 -> Tarea Nivel 3
A7: ='Diagrama de Gantt - Estructura '!A7 -> 1.5 | B7: ='Diagrama de Gantt - Estructura '!B7 -> Definir esquema de comunicación del equipo | C7: ='Diagrama de Gantt - Estructura '!K7 -> Esquema de comunicación | D7: ='Diagrama de Gantt - Estructura '!G7 -> 46266 | E7: ='Diagrama de Gantt - Estructura '!F7 -> Saul | F7: ='Diagrama de Gantt - Estructura '!I7 -> Completado | G7: ='Diagrama de Gantt - Estructura '!C7 -> Tarea Nivel 3
A8: ='Diagrama de Gantt - Estructura '!A8 -> 1.6 | B8: ='Diagrama de Gantt - Estructura '!B8 -> Preparar estructura documental del proyecto | C8: ='Diagrama de Gantt - Estructura '!K8 -> Estructura documental | D8: ='Diagrama de Gantt - Estructura '!G8 -> 46267 | E8: ='Diagrama de Gantt - Estructura '!F8 -> Tú | F8: ='Diagrama de Gantt - Estructura '!I8 -> Completado | G8: ='Diagrama de Gantt - Estructura '!C8 -> Tarea Nivel 3
A9: ='Diagrama de Gantt - Estructura '!A9 -> 1.7 | B9: ='Diagrama de Gantt - Estructura '!B9 -> Preparar ambiente inicial de desarrollo | C9: ='Diagrama de Gantt - Estructura '!K9 -> Entorno inicial | D9: ='Diagrama de Gantt - Estructura '!G9 -> 46268 | E9: ='Diagrama de Gantt - Estructura '!F9 -> Saul | F9: ='Diagrama de Gantt - Estructura '!I9 -> Completado | G9: ='Diagrama de Gantt - Estructura '!C9 -> Tarea Nivel 3
A10: ='Diagrama de Gantt - Estructura '!A10 -> 1.8 | B10: ='Diagrama de Gantt - Estructura '!B10 -> Revisión de planificación inicial | C10: ='Diagrama de Gantt - Estructura '!K10 -> Planificación inicial | D10: ='Diagrama de Gantt - Estructura '!G10 -> 46268 | E10: ='Diagrama de Gantt - Estructura '!F10 -> Ambos | F10: ='Diagrama de Gantt - Estructura '!I10 -> Completado | G10: ='Diagrama de Gantt - Estructura '!C10 -> Tarea Nivel 3
A11: ='Diagrama de Gantt - Estructura '!A11 -> 2 | B11: ='Diagrama de Gantt - Estructura '!B11 -> REQUISITOS Y DISEÑO FUNCIONAL | C11: ='Diagrama de Gantt - Estructura '!K11 -> Especificación funcional | D11: ='Diagrama de Gantt - Estructura '!G11 -> 46269 | E11: ='Diagrama de Gantt - Estructura '!F11 -> Ambos | F11: ='Diagrama de Gantt - Estructura '!I11 -> En Proceso | G11: ='Diagrama de Gantt - Estructura '!C11 -> Entregable Nivel 2
A12: ='Diagrama de Gantt - Estructura '!A12 -> 2.1 | B12: ='Diagrama de Gantt - Estructura '!B12 -> Levantamiento de requisitos funcionales | C12: ='Diagrama de Gantt - Estructura '!K12 -> Requisitos funcionales | D12: ='Diagrama de Gantt - Estructura '!G12 -> 46269 | E12: ='Diagrama de Gantt - Estructura '!F12 -> Tú | F12: ='Diagrama de Gantt - Estructura '!I12 -> Completado | G12: ='Diagrama de Gantt - Estructura '!C12 -> Tarea Nivel 3
A13: ='Diagrama de Gantt - Estructura '!A13 -> 2.2 | B13: ='Diagrama de Gantt - Estructura '!B13 -> Levantamiento de requisitos no funcionales | C13: ='Diagrama de Gantt - Estructura '!K13 -> Requisitos no funcionales | D13: ='Diagrama de Gantt - Estructura '!G13 -> 46269 | E13: ='Diagrama de Gantt - Estructura '!F13 -> Saul | F13: ='Diagrama de Gantt - Estructura '!I13 -> Completado | G13: ='Diagrama de Gantt - Estructura '!C13 -> Tarea Nivel 3
... A138: ='Diagrama de Gantt - Estructura '!A138 -> 10.1 | B138: ='Diagrama de Gantt - Estructura '!B138 -> Validar respaldos y recuperación finales | C138: ='Diagrama de Gantt - Estructura '!K138 -> Evidencia final | D138: ='Diagrama de Gantt - Estructura '!G138 -> 46467 | E138: ='Diagrama de Gantt - Estructura '!F138 -> Saul | F138: ='Diagrama de Gantt - Estructura '!I138 -> No Iniciado | G138: ='Diagrama de Gantt - Estructura '!C138 -> Tarea Nivel 3

Sheet Cronología
